construction,train,test,n_train,pos_train,n_test,pos_test,full_pr_auc,no_cue1_pr_auc,no_cue1_delta,no_cue2_pr_auc,no_cue2_delta,no_cue3_pr_auc,no_cue3_delta
npn,ewt,gum,24,18,23,19,1.0,1.0,0.0,1.0,0.0,0.8260869565217391,0.17391304347826086
npn,gum,ewt,23,19,24,18,1.0,1.0,0.0,1.0,0.0,0.75,0.25
resultative_adj,ewt,gum,315,28,272,17,0.8947368421052632,0.8947368421052632,0.0,0.8947368421052632,0.0,0.0625,0.8322368421052632
resultative_adj,gum,ewt,272,17,315,28,0.9333333333333332,0.9333333333333332,0.0,0.9333333333333332,0.0,0.0888888888888888,0.8444444444444444
resultative_pooled,ewt,gum,12226,29,10407,17,0.68,0.68,0.0,0.68,0.0,0.0592334494773519,0.6207665505226482
resultative_pooled,gum,ewt,10407,17,12226,29,0.8787878787878788,0.8787878787878788,0.0,0.8787878787878788,0.0,0.086053412462908,0.7927344663249708
