train,test,model,pr_auc,precision,recall,f1
gum,ewt,full,0.7500000000000001,0.75,0.5,0.6
gum,ewt,no_parallelism,0.5999999999999999,0.6000000000000001,0.5,0.5454545454545455
gum,ewt,no_licensing,0.575,0.575,0.5,0.5348837209302325
ewt,gum,full,0.7249999999999998,0.725,0.5,0.5918367346938775
ewt,gum,no_parallelism,0.5000000000000001,0.5,0.5,0.5
ewt,gum,no_licensing,0.5250000000000001,0.525,0.5,0.5121951219512195
