train,test,model,n_train,n_test,pos_train,pos_test,pr_auc,precision,recall,f1
gum,ewt,full,12,18,4,10,0.8857142857142857,1.0,0.3,0.46153846153846156
gum,ewt,no_parallelism,12,18,4,10,0.6121212121212121,0.0,0.0,0.0
gum,ewt,no_licensing,12,18,4,10,0.8222222222222222,1.0,0.6,0.75
ewt,gum,full,18,12,10,4,0.8333333333333333,0.6666666666666666,1.0,0.8
ewt,gum,no_parallelism,18,12,10,4,0.41666666666666663,0.5,0.5,0.5
ewt,gum,no_licensing,18,12,10,4,0.6666666666666666,1.0,0.5,0.6666666666666666
