train,test,model,n_train,n_test,pos_train,pos_test,pr_auc,precision,recall,f1
gum,ewt,full,12,18,5,10,0.8857142857142857,1.0,0.6,0.75
gum,ewt,no_parallelism,12,18,5,10,0.6121212121212121,0.0,0.0,0.0
gum,ewt,no_licensing,12,18,5,10,0.8222222222222222,1.0,0.6,0.75
ewt,gum,full,18,12,10,5,0.8285714285714285,0.7142857142857143,1.0,0.8333333333333334
ewt,gum,no_parallelism,18,12,10,5,0.5266666666666666,0.6,0.6,0.6
ewt,gum,no_licensing,18,12,10,5,0.65,1.0,0.4,0.5714285714285714
