group,metric,n,mean,ci_low,ci_high
target,neighbor_overlap,20,0.2,0.123195,0.28270749999999994
target,self_cosine,20,0.535353671880553,0.5033993600177267,0.572537415827006
target,project_acc,20,0.7083333333333333,0.575,0.8333333333333333
target,temporal_mae,20,1.7136363636363636,1.5226136363636364,1.904659090909091
control,neighbor_overlap,17,0.6444705882352942,0.6074117647058824,0.6808352941176471
control,self_cosine,17,0.7775205500105208,0.7667410690620993,0.7896724152262884
control,project_acc,17,1.0,1.0,1.0
control,temporal_mae,17,1.0320855614973263,1.0053475935828877,1.0641711229946524
