selection,replicate,n_languages,y_prevalence,i_prevalence,y_coef,y_or,y_cv_auc,i_coef,i_or,i_cv_auc
largest,0,2737,0.06065034709535988,0.9605407380343441,0.10173752512525278,1.107092849532075,0.7043205313604177,0.09171586499002878,1.09605335070322,0.5101701823526484
